,Years,Month,Degree Heating Week Values
0,2006,1,0.09775161290322579
1,2006,2,1.0843785714285714
2,2006,3,1.4557
3,2006,4,1.306453333333333
4,2006,5,0.14728387096774195
5,2006,6,0.0
6,2006,7,0.0
7,2006,8,0.0
8,2006,9,0.0
9,2006,10,0.0
10,2006,11,0.0
11,2006,12,0.0
